{
  "Points": [
    {
      "X": 9.1678,
      "Y": -12.2481,
      "Z": 1.8343581
    },
    {
      "X": -3.5293999,
      "Y": -5.6283,
      "Z": 2.464795
    },
    {
      "X": -4.2325,
      "Y": 4.7212,
      "Z": 1.8351336
    },
    {
      "X": 2.6106,
      "Y": -17.8452,
      "Z": 2.1291337
    },
    {
      "X": -19.6367,
      "Y": -13.2289,
      "Z": 1.557836
    },
    {
      "X": -12.963,
      "Y": 9.2739,
      "Z": 1.815439
    },
    {
      "X": 16.3328,
      "Y": 15.882,
      "Z": 2.2324474
    },
    {
      "X": 1.9261,
      "Y": -6.3443,
      "Z": 1.457133
    },
    {
      "X": -1.1673,
      "Y": 19.0987,
      "Z": 3.2273324
    },
    {
      "X": -17.0893,
      "Y": -15.2425,
      "Z": 3.5060515
    },
    {
      "X": -9.0629,
      "Y": 7.2833,
      "Z": 2.7397292
    },
    {
      "X": 18.4994,
      "Y": 12.7303,
      "Z": 1.7640979
    },
    {
      "X": 8.7341,
      "Y": 11.8593,
      "Z": 2.0388737
    },
    {
      "X": 19.5849,
      "Y": -16.3065,
      "Z": 3.4554532
    },
    {
      "X": -3.0894,
      "Y": 14.0864,
      "Z": 2.030549
    },
    {
      "X": 3.4894,
      "Y": 13.4605,
      "Z": 2.1733978
    },
    {
      "X": -3.0529,
      "Y": -9.2624,
      "Z": 2.1443574
    },
    {
      "X": 5.9717,
      "Y": -15.908,
      "Z": 2.3017411
    },
    {
      "X": -10.5917,
      "Y": 0.2452,
      "Z": 2.0312984
    },
    {
      "X": -6.5391,
      "Y": -7.5979,
      "Z": 2.8920453
    },
    {
      "X": 0.1599,
      "Y": -12.1903,
      "Z": 1.774277
    },
    {
      "X": -14.5163,
      "Y": 6.8796,
      "Z": 2.1911097
    },
    {
      "X": 10.287,
      "Y": 7.1422,
      "Z": 2.0778613
    },
    {
      "X": -17.9648,
      "Y": -12.233,
      "Z": 2.05758
    },
    {
      "X": -15.7727,
      "Y": 14.0242,
      "Z": 2.0499349
    },
    {
      "X": -10.9288,
      "Y": -15.2695,
      "Z": 2.1206014
    },
    {
      "X": 5.6999,
      "Y": 4.5751,
      "Z": 2.3181381
    },
    {
      "X": -17.1653,
      "Y": -6.0376,
      "Z": 2.3502896
    },
    {
      "X": 4.4481,
      "Y": 2.4201999,
      "Z": 2.2022913
    },
    {
      "X": -7.9822,
      "Y": -6.0594,
      "Z": 2.756722
    },
    {
      "X": -8.6233,
      "Y": 19.3428,
      "Z": 2.1129353
    },
    {
      "X": -8.0405,
      "Y": -18.7936,
      "Z": 2.0115333
    },
    {
      "X": -10.2528,
      "Y": -14.8784,
      "Z": 2.1655078
    },
    {
      "X": 4.2782,
      "Y": -13.5475,
      "Z": 1.7186432
    },
    {
      "X": -17.5511,
      "Y": -12.5661,
      "Z": 2.207738
    },
    {
      "X": 14.0968,
      "Y": 12.9179,
      "Z": 2.2811031
    },
    {
      "X": 17.7125,
      "Y": 1.6121,
      "Z": 2.1888611
    },
    {
      "X": -1.243,
      "Y": -1.9083,
      "Z": 3.7449222
    },
    {
      "X": 16.918,
      "Y": 9.866,
      "Z": 0.0
    },
    {
      "X": -16.2426,
      "Y": -2.3274,
      "Z": 3.8943229
    },
    {
      "X": 6.4112,
      "Y": -6.6769,
      "Z": 2.410529
    },
    {
      "X": 7.2228,
      "Y": -5.6701,
      "Z": 2.103704
    },
    {
      "X": -8.8901005,
      "Y": -5.1393,
      "Z": 2.4711573
    },
    {
      "X": 13.8923,
      "Y": -17.8219,
      "Z": 2.233733
    },
    {
      "X": 2.0668,
      "Y": -3.4161,
      "Z": 1.6271865
    },
    {
      "X": -2.5806,
      "Y": 9.4738,
      "Z": 2.101614
    },
    {
      "X": -8.9561,
      "Y": -11.3162,
      "Z": 4.0115576
    },
    {
      "X": 1.2931,
      "Y": -5.6981,
      "Z": 1.4063056
    },
    {
      "X": -19.4953,
      "Y": 10.4546,
      "Z": 0.59410405
    },
    {
      "X": 10.486,
      "Y": -11.2804,
      "Z": 2.0955362
    },
    {
      "X": -5.7962,
      "Y": -7.6374,
      "Z": 2.5277622
    },
    {
      "X": -4.4037,
      "Y": -9.9916,
      "Z": 2.244422
    },
    {
      "X": 13.5708,
      "Y": -8.9805,
      "Z": 3.2846718
    },
    {
      "X": -5.1502,
      "Y": -10.7512,
      "Z": 2.3729908
    },
    {
      "X": 7.8702,
      "Y": -18.3449,
      "Z": 1.4434464
    },
    {
      "X": -19.3235,
      "Y": 12.9956,
      "Z": 1.8314943
    },
    {
      "X": 9.0587,
      "Y": 13.3355,
      "Z": 1.4886947
    },
    {
      "X": -14.3802,
      "Y": -2.9187,
      "Z": 3.112122
    },
    {
      "X": 13.6805,
      "Y": -10.7783,
      "Z": 3.0314422
    },
    {
      "X": -16.629,
      "Y": -16.3065,
      "Z": 3.9033852
    },
    {
      "X": 11.2123,
      "Y": 13.9581,
      "Z": 1.5894952
    },
    {
      "X": 19.3466,
      "Y": 17.165,
      "Z": 2.3194013
    },
    {
      "X": -9.4833,
      "Y": 11.8822,
      "Z": 2.8896613
    },
    {
      "X": -1.4363999,
      "Y": 8.6754,
      "Z": 1.7676222
    },
    {
      "X": -3.6726,
      "Y": 4.3374,
      "Z": 1.790873
    },
    {
      "X": 10.9157,
      "Y": 15.2235,
      "Z": 0.80149853
    },
    {
      "X": -14.7829,
      "Y": -13.3235,
      "Z": 2.3882813
    },
    {
      "X": 4.0253,
      "Y": -13.6936,
      "Z": 1.6109655
    },
    {
      "X": 11.3393,
      "Y": 14.7896,
      "Z": 1.2476532
    },
    {
      "X": 13.8426,
      "Y": -19.603,
      "Z": 2.0286703
    },
    {
      "X": -15.3194,
      "Y": -16.3901,
      "Z": 3.6154718
    },
    {
      "X": 13.5431,
      "Y": 5.2841,
      "Z": 2.4412107
    },
    {
      "X": 18.5564,
      "Y": 12.7686,
      "Z": 1.7947929
    },
    {
      "X": 10.74,
      "Y": 17.8765,
      "Z": 0.55247104
    },
    {
      "X": -6.3833,
      "Y": 12.7773,
      "Z": 2.3507164
    },
    {
      "X": -12.7319,
      "Y": 1.2322,
      "Z": 1.4586287
    },
    {
      "X": -5.5293,
      "Y": -16.8864,
      "Z": 2.580013
    },
    {
      "X": 8.9277,
      "Y": 13.5602,
      "Z": 1.3855584
    },
    {
      "X": -6.7782,
      "Y": -11.9301,
      "Z": 2.7236311
    },
    {
      "X": 13.2715,
      "Y": -4.3979,
      "Z": 2.0603476
    },
    {
      "X": 3.8873,
      "Y": 8.0614,
      "Z": 0.86599123
    },
    {
      "X": -11.6162,
      "Y": 2.0526,
      "Z": 1.8057783
    },
    {
      "X": -4.014,
      "Y": -1.7807,
      "Z": 3.3106291
    },
    {
      "X": -18.7762,
      "Y": -11.1543,
      "Z": 1.9569751
    },
    {
      "X": -14.1546,
      "Y": -10.6281,
      "Z": 2.257684
    },
    {
      "X": -1.4854,
      "Y": 3.0351,
      "Z": 2.0490367
    },
    {
      "X": 8.2583,
      "Y": -2.4696999,
      "Z": 2.1634343
    },
    {
      "X": 0.8729,
      "Y": -18.9409,
      "Z": 2.4953294
    },
    {
      "X": -10.7895,
      "Y": -12.7125,
      "Z": 2.8230863
    },
    {
      "X": 2.4855,
      "Y": -18.02,
      "Z": 2.1555414
    },
    {
      "X": 16.037,
      "Y": 8.7147,
      "Z": 0.14747357
    },
    {
      "X": -1.3803,
      "Y": 1.1023,
      "Z": 2.5342016
    },
    {
      "X": 19.3776,
      "Y": 17.9923,
      "Z": 2.6073928
    },
    {
      "X": -18.9912,
      "Y": -14.9259,
      "Z": 2.3870244
    },
    {
      "X": -7.3218,
      "Y": -6.0519,
      "Z": 2.5459507
    },
    {
      "X": 17.0238,
      "Y": 1.5232,
      "Z": 2.1516864
    },
    {
      "X": 17.3998,
      "Y": 19.8193,
      "Z": 2.4014575
    },
    {
      "X": -18.0657,
      "Y": -8.3521,
      "Z": 2.1051288
    },
    {
      "X": 12.2657,
      "Y": -1.5836,
      "Z": 2.2306538
    },
    {
      "X": 11.8682,
      "Y": 2.0973,
      "Z": 0.99791706
    },
    {
      "X": 9.34,
      "Y": 1.1389,
      "Z": 0.1667769
    },
    {
      "X": 17.0461,
      "Y": -18.7729,
      "Z": 2.2683632
    },
    {
      "X": -17.8857,
      "Y": 19.8762,
      "Z": 3.4937007
    },
    {
      "X": -14.9226,
      "Y": -18.1075,
      "Z": 2.9289067
    },
    {
      "X": 0.1939,
      "Y": 10.0689,
      "Z": 0.7510284
    },
    {
      "X": 5.7109,
      "Y": -17.9346,
      "Z": 2.1959803
    },
    {
      "X": -16.7118,
      "Y": -13.2402,
      "Z": 2.5664396
    },
    {
      "X": 2.7321,
      "Y": -8.5642,
      "Z": 2.5265408
    },
    {
      "X": -15.7532,
      "Y": -11.3988,
      "Z": 2.1392
    },
    {
      "X": -0.603,
      "Y": 3.9012,
      "Z": 2.1637356
    },
    {
      "X": -5.2439,
      "Y": 10.9207,
      "Z": 2.002827
    },
    {
      "X": 18.4147,
      "Y": 0.7423,
      "Z": 2.4595199
    },
    {
      "X": -10.4373,
      "Y": 16.6034,
      "Z": 2.3191733
    },
    {
      "X": -15.5027,
      "Y": -1.9831,
      "Z": 3.6627715
    },
    {
      "X": -9.535,
      "Y": -17.3516,
      "Z": 2.170105
    },
    {
      "X": 14.2735,
      "Y": 6.3295,
      "Z": 2.0865805
    },
    {
      "X": 13.5473,
      "Y": 10.8943,
      "Z": 1.651284
    },
    {
      "X": 14.4374,
      "Y": -4.8961,
      "Z": 1.7177067
    },
    {
      "X": 4.8658,
      "Y": 8.88,
      "Z": 1.1507761
    },
    {
      "X": 18.1461,
      "Y": -15.3284,
      "Z": 2.1995056
    },
    {
      "X": 11.43,
      "Y": 1.9904001,
      "Z": 0.7092154
    },
    {
      "X": 12.673,
      "Y": -6.3856,
      "Z": 2.3464985
    },
    {
      "X": 11.2033,
      "Y": -6.9718,
      "Z": 2.186474
    },
    {
      "X": -6.0621,
      "Y": -18.9073,
      "Z": 1.8012947
    },
    {
      "X": -16.572,
      "Y": -16.5965,
      "Z": 3.9238489
    },
    {
      "X": 6.6121,
      "Y": 15.7894,
      "Z": 1.415822
    }
  ]
}